loja_id,categoria,moradores,trabalhadores,total,share,share_cidade,indice,vendas_ano,share_vendas,gap_pp,oportunidade_rs_mes,gap_rel,acao
AG01,Mercearia básica,2016601.0455448362,0.0,2016601.0455448362,0.1558810211134186,0.17004345012216948,91.67128813337077,1233939.76,0.16079010894176363,-0.4909087828345038,-3139.4544398047947,-0.030531031172589485,Manter
AG01,Hortifruti,1469801.9938938199,0.0,1469801.9938938199,0.11361406171482284,0.10646537906673406,106.71456083729143,848248.01,0.11053204893692234,0.3082012777900503,1971.0054163721861,0.027883431163565175,Manter
AG01,Carnes e peixes,1774463.0413940782,0.0,1774463.0413940782,0.1371640223194466,0.1751351552164972,78.31895438119678,1198976.29,0.1562341489731165,-1.907012665366989,-12195.706388632105,-0.1220611932731257,Reduzir
AG01,Aves e ovos,561944.1958411257,0.0,561944.1958411257,0.043437662223767784,0.054264667268950705,80.04778138319492,373329.51,0.048647182407085446,-0.5209520183317662,-3331.586608480576,-0.10708780910934934,Reduzir
AG01,Laticínios e frios,1386642.431737868,0.0,1386642.431737868,0.10718591992006726,0.1111066034695037,96.47124164810548,834723.26,0.10876968897705679,-0.1583769056989523,-1012.850242540362,-0.014560757430533755,Manter
AG01,Padaria e biscoitos,1074340.42621207,0.0,1074340.42621207,0.08304532174638277,0.1025171879736414,81.00624235590122,698487.32,0.09101728943173086,-0.7971967685348094,-5098.223991682747,-0.08758739943939564,Reduzir
AG01,Café e bebidas não alcoólicas,911845.6971597325,326521.106971929,1238366.8041316615,0.09572437858617203,0.08309212288840301,115.20271147089935,700981.63,0.09134231370733613,0.4382064878835898,2802.4133037383253,0.04797409547645337,Manter
AG01,Bebidas alcoólicas,568831.7638176471,0.0,568831.7638176471,0.043970063578780555,0.03221181511821186,136.50290558733784,303033.49,0.0394871690252552,0.44828945535253517,2866.8957862150332,0.11352787916141027,Ampliar
AG01,Pronto para consumo,855671.0247935465,954527.400687915,1810198.4254814615,0.13992632782044198,0.06711948688350892,208.4734766570772,815533.67,0.10626916474834745,3.365716307209453,21524.391848891242,0.31671617210690384,Ampliar
AG01,Outros alimentos,1035606.3539081919,0.0,1035606.3539081919,0.08005122097669969,0.09804413199237967,81.64815104173857,666973.84,0.08691088485138564,-0.6859663874685951,-4386.884684076124,-0.07892755765190651,Reduzir
AG02,Mercearia básica,2190408.3813436264,0.0,2190408.3813436264,0.15646274768551435,0.17004345012216948,92.01339279643061,675182.2,0.1619451417572794,-0.548239407176504,-1904.7678998346626,-0.0338534025304813,Manter
AG02,Hortifruti,1592376.061609562,0.0,1592376.061609562,0.11374478662067548,0.10646537906673406,106.83734714303566,459067.88,0.11010926073408589,0.3635525886589594,1263.1038406118043,0.033017439789822856,Manter
AG02,Carnes e peixes,2124726.4933654773,0.0,2124726.4933654773,0.15177103414307005,0.1751351552164972,86.65937684267612,674123.94,0.1616913138783512,-0.9920279735281146,-3446.6384849019755,-0.06135320133983624,Reduzir
AG02,Aves e ovos,645013.175684768,0.0,645013.175684768,0.0460738438642625,0.054264667268950705,84.90578894717585,205812.07,0.0493648452988084,-0.3291001434545901,-1143.4044705244444,-0.06666690464895153,Reduzir
AG02,Laticínios e frios,1550863.1120394913,0.0,1550863.1120394913,0.11077948105958227,0.1111066034695037,99.7055778867264,466221.96,0.11182519533624649,-0.10457142766642225,-363.31627396998965,-0.009351329756410176,Manter
AG02,Padaria e biscoitos,1300001.6399986448,0.0,1300001.6399986448,0.0928602311433329,0.1025171879736414,90.58015829229393,411622.67000000004,0.09872933801225779,-0.5869106868924889,-2039.1249184734577,-0.059446431902503094,Reduzir
AG02,Café e bebidas não alcoólicas,1050707.7269676554,324396.88722080656,1375104.614188462,0.09822490094699982,0.08309212288840301,118.2120489073566,384575.49,0.09224196408676825,0.598293686023156,2078.6732819513863,0.06486133420363482,Ampliar
AG02,Bebidas alcoólicas,508834.6267103,0.0,508834.6267103,0.03634649341680771,0.03221181511821186,112.8359059662496,148069.03,0.03551494700721206,0.08315464095956446,288.9071612669786,0.02341398424237484,Manter
AG02,Pronto para consumo,767389.8171339156,948317.6154267645,1715707.43256068,0.12255445213291044,0.06711948688350892,182.59146162069624,408400.58999999997,0.09795650928194868,2.4597942850961756,8546.151796307335,0.2511108555344841,Ampliar
AG02,Outros alimentos,996516.5203874543,0.0,996516.5203874543,0.07118202898684442,0.09804413199237967,72.60202884184535,336127.35,0.08062148460704187,-0.9439455620197448,-3279.5840324330056,-0.11708362437390496,Reduzir
AG03,Mercearia básica,2244810.234645157,0.0,2244810.234645157,0.15697288679169258,0.17004345012216948,92.31339794559202,330589.67,0.16270375812737065,-0.5730871335678067,-970.3560249005501,-0.0352227348749482,Manter
AG03,Hortifruti,1709169.8585425743,0.0,1709169.8585425743,0.11951715230627794,0.10646537906673406,112.25917134185268,228321.81,0.11237137733143167,0.7145774974846266,1209.9287164689483,0.0635907038299468,Ampliar
AG03,Carnes e peixes,2057713.7995734655,0.0,2057713.7995734655,0.14388979091642795,0.1751351552164972,82.15928477555258,321766.19,0.15836117429599536,-1.447138337956741,-2450.306982742171,-0.09138214239633458,Reduzir
AG03,Aves e ovos,656600.4793769873,0.0,656600.4793769873,0.045914113864019876,0.054264667268950705,84.61143534974023,99078.95,0.048762919652975995,-0.28488057889561186,-482.3622271669899,-0.058421559029479764,Reduzir
AG03,Laticínios e frios,1649170.584934824,0.0,1649170.584934824,0.11532158199113192,0.1111066034695037,103.7936345725708,228911.2,0.11266145284408363,0.26601291470482874,450.41533715508814,0.023611706399079946,Manter
AG03,Padaria e biscoitos,1351455.5132618947,0.0,1351455.5132618947,0.09450325466856312,0.1025171879736414,92.18283932335446,202478.35,0.09965220172919831,-0.5148947060635192,-871.8241100749092,-0.05166917510390079,Reduzir
AG03,Café e bebidas não alcoólicas,1101525.216181411,293554.3455549206,1395079.5617363316,0.09755375431298206,0.08309212288840301,117.40433499815833,188172.93,0.09261161393469629,0.49421403782857753,836.8074261444704,0.05336415346104051,Ampliar
AG03,Bebidas alcoólicas,532224.1656127247,0.0,532224.1656127247,0.03721684907131378,0.03221181511821186,115.5378824035041,72639.7,0.03575051869964589,0.14663303716678858,248.28030979939024,0.04101563907329853,Manter
AG03,Pronto para consumo,839281.057766877,858154.8342210834,1697435.8919879603,0.1186966310100152,0.06711948688350892,176.84377000083805,191291.7,0.09414655481695344,2.455007619306175,4156.839850407568,0.2607644670672633,Ampliar
AG03,Outros alimentos,1006963.9258886988,0.0,1006963.9258886988,0.07041398506757562,0.09804413199237967,71.81866332709075,168599.74,0.08297842856764875,-1.256444350007313,-2127.4222950908356,-0.15141819044970073,Reduzir
AG04,Mercearia básica,3664676.9872530624,0.0,3664676.9872530624,0.16714744960396755,0.17004345012216948,98.29690557553303,1136502.37,0.17240496313791612,-0.5257513533948571,-2888.1499324257456,-0.030495140268919085,Manter
AG04,Hortifruti,2744166.07113008,0.0,2744166.07113008,0.12516256185049107,0.10646537906673406,117.56174913164715,753859.07,0.11435879819109722,1.0803763659393852,5934.913734665683,0.09447251833951964,Ampliar
AG04,Carnes e peixes,3381845.715930905,0.0,3381845.715930905,0.1542473970661361,0.1751351552164972,88.07334933723602,1064660.95,0.16150677436698063,-0.7259377300844527,-3987.8489946826267,-0.04494781924347979,Manter
AG04,Aves e ovos,1049848.431151084,0.0,1049848.431151084,0.047884025890414045,0.054264667268950705,88.24162811703528,324464.91,0.049220628416373,-0.13366025259589562,-734.2460404717622,-0.02715533240762813,Manter
AG04,Laticínios e frios,2617311.6150896405,0.0,2617311.6150896405,0.11937667707215714,0.1111066034695037,107.44336821071431,767478.12,0.11642477876025648,0.29518983119006664,1621.5887710022923,0.025354553758519582,Manter
AG04,Padaria e biscoitos,2108424.957241218,0.0,2108424.957241218,0.0961661438402478,0.1025171879736414,93.80489822347981,643933.58,0.09768333797945916,-0.15171941392113641,-833.4518061333633,-0.015531759771870157,Manter
AG04,Café e bebidas não alcoólicas,1755541.3131990598,183579.79456972462,1939121.1077687845,0.08844412447922814,0.08309212288840301,106.4410456789185,572444.38,0.08683858022434852,0.16055442548796178,881.9858477386607,0.018488835846137475,Manter
AG04,Bebidas alcoólicas,908761.7767223152,0.0,908761.7767223152,0.041449004593052285,0.03221181511821186,128.67640162760625,260575.72,0.039528775818774536,0.1920228774277749,1054.85389031554,0.048577997534791306,Manter
AG04,Pronto para consumo,1322604.5789249125,536663.4511150464,1859268.030039959,0.08480199221714158,0.06711948688350892,126.34481602090017,495530.14,0.07517085557896937,0.9631136638172209,5290.745606474797,0.12812328081132973,Ampliar
AG04,Outros alimentos,1651390.7681301753,0.0,1651390.7681301753,0.07532062338716428,0.09804413199237967,76.82318345479202,572602.11,0.08686250752582503,-1.1541884138660752,-6340.391076483516,-0.13287532754254472,Reduzir
AG05,Mercearia básica,1979300.8733448256,0.0,1979300.8733448256,0.16948614466172565,0.17004345012216948,99.67225702604632,853584.48,0.16955575681331705,-0.006961215159140277,-29.203693490263248,-0.0004105561079122966,Manter
AG05,Hortifruti,1361170.4853056069,0.0,1361170.4853056069,0.1165560733532733,0.10646537906673406,109.47791138771436,553981.6,0.11004273349563745,0.6513339857635845,2732.476679025732,0.05918918633454395,Ampliar
AG05,Carnes e peixes,2066236.4296297051,0.0,2066236.4296297051,0.17693037533285502,0.1751351552164972,101.0250484056948,892251.05,0.17723647230585401,-0.030609697299899263,-128.41381818262846,-0.0017270540821348046,Manter
AG05,Aves e ovos,592178.0213600273,0.0,592178.0213600273,0.05070778836373236,0.054264667268950705,93.44531334249325,266582.12,0.052953789775440276,-0.22460014117079152,-942.2426301547788,-0.04241436583165192,Manter
AG05,Laticínios e frios,1344845.3619008164,0.0,1344845.3619008164,0.11515816449350047,0.1111066034695037,103.64655285777756,563231.57,0.11188014467238527,0.3278019821115197,1375.195047450288,0.029299388472495247,Manter
AG05,Padaria e biscoitos,1171308.5751635274,0.0,1171308.5751635274,0.10029833123763793,0.1025171879736414,97.83562465976537,515427.34,0.10238432722672616,-0.2085995989088235,-875.1171468570859,-0.020374172938294355,Manter
AG05,Café e bebidas não alcoólicas,934084.6532909843,79015.6130609908,1013100.2663519752,0.08675106478864755,0.08309212288840301,104.40347625389074,433539.86,0.08611822355420463,0.06328412344429185,265.48958789765794,0.00734851705393802,Manter
AG05,Bebidas alcoólicas,430248.5846416855,0.0,430248.5846416855,0.0368418843436641,0.03221181511821186,114.3738227990589,179249.11,0.03560598770980877,0.12358966338553296,518.4834207195611,0.03471035950267609,Manter
AG05,Pronto para consumo,594416.0844432336,230988.33777797307,825404.4222212066,0.0706788013853615,0.06711948688350892,105.30295249132348,350077.06,0.06953919880464673,0.11396025807147714,478.08613449059635,0.016387916460127716,Manter
AG05,Outros alimentos,894452.8761996054,0.0,894452.8761996054,0.0765913720396021,0.09804413199237967,78.11928208569897,426316.44,0.08468336564197966,-0.8091993602377556,-3394.7535808990965,-0.09555588091040812,Reduzir
AG06,Mercearia básica,1590905.4301617807,0.0,1590905.4301617807,0.1645581089744924,0.17004345012216948,96.77415322746269,689081.98,0.16551627167420918,-0.09581626997167692,-332.42081659830825,-0.0057889335593708235,Manter
AG06,Hortifruti,1157855.9577203365,0.0,1157855.9577203365,0.11976487304335418,0.10646537906673406,112.49184861144748,469256.15,0.1127144964786243,0.7050376564729871,2446.0271054862287,0.0625507524319815,Ampliar
AG06,Carnes e peixes,1597860.9271435372,0.0,1597860.9271435372,0.16527756307188604,0.1751351552164972,94.3714372294783,709330.73,0.17037998557667278,-0.5102422504786736,-1770.212361817227,-0.02994731151970076,Manter
AG06,Aves e ovos,457952.76494782104,0.0,457952.76494782104,0.047369151912310864,0.054264667268950705,87.29280818683776,212982.32,0.051157976209047516,-0.37888242967366526,-1314.478289585902,-0.07406126233872756,Reduzir
AG06,Laticínios e frios,1109973.2680627431,0.0,1109973.2680627431,0.11481204259015447,0.1111066034695037,103.33503050668617,469060.96,0.11266761218618047,0.2144430403973996,743.9793953970383,0.01903324622190783,Manter
AG06,Padaria e biscoitos,920548.2612892059,0.0,920548.2612892059,0.09521853293448382,0.1025171879736414,92.88055477971736,409711.05,0.098411868874768,-0.31933359402841754,-1107.8821386553439,-0.03244868710244486,Manter
AG06,Café e bebidas não alcoólicas,765969.5041713447,148228.72272079773,914198.2268921424,0.09456170592736406,0.08309212288840301,113.80345409439748,384914.22,0.09245571420803417,0.21059917193298888,730.6436446501807,0.022778383546864456,Manter
AG06,Bebidas alcoólicas,368250.1008674764,0.0,368250.1008674764,0.038090598648755435,0.03221181511821186,118.25039510803549,150180.08000000002,0.03607298934349505,0.2017609305260383,699.9806327560633,0.05593130322658468,Ampliar
AG06,Pronto para consumo,471914.0358205292,433320.7697294022,905234.8055499315,0.0936345586324643,0.06711948688350892,139.50428255653136,338997.05,0.08142649126386307,1.2208067368601223,4235.414011584023,0.1499274643806141,Ampliar
AG06,Outros alimentos,644962.7957067944,0.0,644962.7957067944,0.06671286426473452,0.09804413199237967,68.0437094082486,329713.48,0.07919659418510543,-1.2483729920370903,-4331.051183216709,-0.15762963103176886,Reduzir
AG07,Mercearia básica,1093147.4452504043,0.0,1093147.4452504043,0.16219168114979654,0.17004345012216948,95.38249255309053,469075.37,0.1637011614943777,-0.1509480344581149,-360.4434062849987,-0.009220950729986077,Manter
AG07,Hortifruti,779743.3007155089,0.0,779743.3007155089,0.11569150836680599,0.10646537906673406,108.66584929387126,315284.34,0.11003010594862034,0.5661402418185648,1351.8660109000587,0.051453212458318465,Ampliar
AG07,Carnes e peixes,1128858.2657412426,0.0,1128858.2657412426,0.16749014114786287,0.1751351552164972,95.63479185022346,499831.32,0.17443458528907194,-0.6944444141209066,-1658.2389495822508,-0.039811165484761935,Manter
AG07,Aves e ovos,318788.63438927307,0.0,318788.63438927307,0.04729907641251464,0.054264667268950705,87.16367167255875,145357.9,0.0507280036092784,-0.34289271967637563,-818.7812468984138,-0.06759436510008032,Reduzir
AG07,Laticínios e frios,759102.2582690478,0.0,759102.2582690478,0.11262897056404055,0.1111066034695037,101.37018597184884,322012.64,0.1123781945401885,0.025077602385203956,59.88190874848312,0.002231536330318473,Manter
AG07,Padaria e biscoitos,642822.457107471,0.0,642822.457107471,0.09537638810949335,0.1025171879736414,93.03453400810794,278277.64,0.09711525225874532,-0.17388641492519646,-415.21714361716886,-0.01790516019686683,Manter
AG07,Café e bebidas não alcoólicas,523707.4993062462,119460.92337913379,643168.42268538,0.09542771946368973,0.08309212288840301,114.84568710785504,259415.11,0.09053247629734162,0.48952431663481094,1168.9175866423604,0.05407168086588454,Ampliar
AG07,Bebidas alcoólicas,246636.70896050113,0.0,246636.70896050113,0.03659380318122915,0.03221181511821186,113.60366699900686,100805.65,0.035179851779887125,0.14139514013420257,337.6323920021527,0.040192079551352844,Manter
AG07,Pronto para consumo,331328.2698470003,349223.1351728996,680551.4050198998,0.1009742802479397,0.06711948688350892,150.43958906180018,237541.2,0.08289876815056026,1.807551209737944,4316.186808337002,0.21804319292840146,Ampliar
AG07,Outros alimentos,447030.13419726485,0.0,447030.13419726485,0.0663264313566274,0.09804413199237967,67.64956760674113,237835.86000000002,0.08300160063192874,-1.667516927530134,-3981.8039602472277,-0.2009017795843181,Reduzir
AG08,Mercearia básica,1152873.9822567813,0.0,1152873.9822567813,0.15105982760367775,0.17004345012216948,88.83601661525172,542518.19,0.1601417270229454,-0.9081899419267653,-2563.9245343788375,-0.0567116365490824,Reduzir
AG08,Hortifruti,838449.2992532632,0.0,838449.2992532632,0.10986110238318492,0.10646537906673406,103.18950944073788,359852.82,0.10622215647530106,0.3638945907883856,1027.3162321867294,0.03425788016956699,Manter
AG08,Carnes e peixes,1068142.5504200275,0.0,1068142.5504200275,0.13995755998131593,0.1751351552164972,79.91402971511019,519176.8,0.15325176356252004,-1.3294203581204118,-3753.106388137561,-0.08674747534491278,Reduzir
AG08,Aves e ovos,328819.08766508655,0.0,328819.08766508655,0.043084808452571365,0.054264667268950705,79.39753548848118,160177.69,0.04728160710546125,-0.41967986528898826,-1184.804470435339,-0.08876175980078171,Reduzir
AG08,Laticínios e frios,802290.5348611305,0.0,802290.5348611305,0.10512325869905105,0.1111066034695037,94.61477123446137,368825.45,0.10887071737265622,-0.3747458673605167,-1057.9506324902516,-0.03442118104887559,Manter
AG08,Padaria e biscoitos,644930.5023380513,0.0,644930.5023380513,0.08450454429445191,0.1025171879736414,82.42963542482184,317430.17,0.09369974421131788,-0.9195199916865973,-2595.910566390309,-0.09813473872594947,Reduzir
AG08,Café e bebidas não alcoólicas,535598.1055782809,244661.53911361532,780259.6446918962,0.10223657505266891,0.08309212288840301,123.04003255516517,325420.22,0.09605826495695349,0.6178310095715414,1744.207913357686,0.06431836030438509,Ampliar
AG08,Bebidas alcoólicas,299223.81896277325,0.0,299223.81896277325,0.039206972490565754,0.03221181511821186,121.7161229402406,131438.12,0.0387981968557573,0.04087756348084559,115.40205751653197,0.010535944140089626,Manter
AG08,Pronto para consumo,446737.2432166812,715225.2580060652,1161962.5012227464,0.15225068638729256,0.06711948688350892,226.83529546573473,376784.56,0.11122010518021634,4.1030581207076215,11583.404413559232,0.36891334656258423,Ampliar
AG08,Outros alimentos,554951.2821467612,0.0,554951.2821467612,0.07271466465521981,0.09804413199237967,74.16523883435619,286113.83,0.08445571725687098,-1.1741052601651174,-3314.6340247878884,-0.1390202224668925,Reduzir
AG09,Mercearia básica,3821522.1966932863,0.0,3821522.1966932863,0.15836883165145135,0.17004345012216948,93.13433215902737,523334.7,0.16173809383918947,-0.33692621877381146,-908.4913013722921,-0.020831593273802573,Manter
AG09,Hortifruti,2473508.1090636854,0.0,2473508.1090636854,0.10250538114151542,0.10646537906673406,96.28048295142362,339728.16000000003,0.10499396470728041,-0.2488583565764993,-671.0242172495687,-0.023702158240267224,Manter
AG09,Carnes e peixes,4145406.833386285,0.0,4145406.833386285,0.17179103067656976,0.1751351552164972,98.09054639213153,563644.42,0.17419592871234324,-0.2404898035773484,-648.4591653742037,-0.013805707478644846,Manter
AG09,Aves e ovos,1179809.250778681,0.0,1179809.250778681,0.04889282411575901,0.054264667268950705,90.10066139986199,163504.65,0.05053158222614291,-0.16387581103839005,-441.8764125140828,-0.03243037399957127,Manter
AG09,Laticínios e frios,2493358.290539383,0.0,2493358.290539383,0.1033279983831726,0.1111066034695037,92.99897139915166,342983.73,0.1060001079768936,-0.2672109593721009,-720.5103630829923,-0.025208555394146237,Manter
AG09,Padaria e biscoitos,2270998.2198405457,0.0,2270998.2198405457,0.09411310892551616,0.1025171879736414,91.80227314634689,318231.24,0.09835027976872472,-0.4237170843208557,-1142.5150786699426,-0.04308244829778285,Manter
AG09,Café e bebidas não alcoólicas,1766861.4163981674,582278.6985564501,2349140.1149546173,0.09735141031310302,0.08309212288840301,117.16081733024318,296434.73,0.09161400567922362,0.5737404633879395,1547.0396519754784,0.06262584624853407,Ampliar
AG09,Bebidas alcoólicas,771322.5301189634,0.0,771322.5301189634,0.03196460510606989,0.03221181511821186,99.23254864330136,109410.59,0.03381365744029793,-0.1849052334228038,-498.5803620572599,-0.05468359456508842,Reduzir
AG09,Pronto para consumo,1038828.8927581013,1702190.0291940775,2741018.9219521787,0.11359137586056714,0.06711948688350892,169.23755102257232,296200.87,0.09154173057377919,2.204964528678795,5945.488900891808,0.24086987594162612,Ampliar
AG09,Outros alimentos,1884435.135822231,0.0,1884435.135822231,0.07809343382627566,0.09804413199237967,79.6513082826266,282219.18,0.08722064907612491,-0.9127215249849246,-2461.071652546944,-0.10464511955056821,Reduzir
AG10,Mercearia básica,3212858.0892227604,0.0,3212858.0892227604,0.16800670642698295,0.17004345012216948,98.80222161234485,1074782.68,0.17268893053074305,-0.46822241037600965,-2428.4385007256265,-0.027113631947164873,Manter
AG10,Hortifruti,2448527.270169561,0.0,2448527.270169561,0.1280383355983693,0.10646537906673406,120.26288425471438,732786.05,0.11773918731398575,1.0299148284383552,5341.659789072067,0.08747426000926839,Ampliar
AG10,Carnes e peixes,2937111.146436547,0.0,2937111.146436547,0.15358735319746364,0.1751351552164972,87.69647248012727,1005614.04,0.1615753736320908,-0.7988020434627152,-4142.991864155665,-0.04943835347592007,Manter
AG10,Aves e ovos,936102.0753677236,0.0,936102.0753677236,0.04895062968686581,0.054264667268950705,90.20718664735001,317575.23,0.05102587513947912,-0.20752454526133113,-1076.327370049385,-0.040670452921005906,Manter
AG10,Laticínios e frios,2354086.081051431,0.0,2354086.081051431,0.12309981895861845,0.1111066034695037,110.79433185301775,734475.09,0.11801057102406158,0.5089247934556868,2639.541668689318,0.04312535640149728,Manter
AG10,Padaria e biscoitos,1920835.1310768828,0.0,1920835.1310768828,0.10044426955674797,0.1025171879736414,97.97797963652066,620586.41,0.09971169561907457,0.07325739376733975,379.9499373482798,0.007346920871469598,Manter
AG10,Café e bebidas não alcoólicas,1574456.3218783468,88941.63634694897,1663397.9582252959,0.08698237042471,0.08309212288840301,104.68184877347736,528152.61,0.08486004759391975,0.2122322830790252,1100.7440820957595,0.02500968230593248,Manter
AG10,Bebidas alcoólicas,766495.6607125293,0.0,766495.6607125293,0.04008157468232256,0.03221181511821186,124.43128254409143,230666.16999999998,0.037061905581621916,0.3019669100700645,1566.1532940518775,0.08147635836075362,Ampliar
AG10,Pronto para consumo,1186473.7929148856,260005.33240407525,1446479.1253189608,0.07563925545775087,0.06711948688350892,112.69343520016572,453362.58,0.07284328314897896,0.27959723087719046,1450.1328110569875,0.038383392234718317,Manter
AG10,Outros alimentos,1437499.3647474817,0.0,1437499.3647474817,0.07516968601016843,0.09804413199237967,76.66923505020259,525806.75,0.08448313041604445,-0.9313444405876017,-4830.423847383591,-0.11024028536834696,Reduzir
AG11,Mercearia básica,1618060.1691407717,0.0,1618060.1691407717,0.16101041157225734,0.17004345012216948,94.68780565001342,644835.71,0.16010131061040234,0.09091009618550083,305.1301089522792,0.005678285570486441,Manter
AG11,Hortifruti,1156792.9657058988,0.0,1156792.9657058988,0.11511049778272778,0.10646537906673406,108.12012204509676,446433.82,0.11084162768034117,0.4268870102386607,1432.801035416897,0.0385132390395575,Manter
AG11,Carnes e peixes,1627778.9381469134,0.0,1627778.9381469134,0.1619775097231781,0.1751351552164972,92.48714772482202,687356.67,0.1706585135054041,-0.8681003782225999,-2913.6869732057635,-0.0508676866094413,Reduzir
AG11,Aves e ovos,474607.3680770538,0.0,474607.3680770538,0.04722737085227885,0.054264667268950705,87.03153125072514,202876.88,0.05037074386055531,-0.3143373008276461,-1055.0398566688814,-0.06240473670546676,Reduzir
AG11,Laticínios e frios,1128332.1567758599,0.0,1128332.1567758599,0.11227841116017755,0.1111066034695037,101.054669708264,460923.55,0.11443917156231828,-0.2160760402140735,-725.2363429246117,-0.01888130063021376,Manter
AG11,Padaria e biscoitos,953117.0073919817,0.0,953117.0073919817,0.09484305006914115,0.1025171879736414,92.51429145084103,393869.64,0.09779087075318356,-0.294782068404241,-989.4047902647563,-0.030144129624149474,Manter
AG11,Café e bebidas não alcoólicas,772021.6448324803,180835.24618584022,952856.8910183206,0.09481716633182495,0.08309212288840301,114.11089647952464,368116.73,0.09139687833140571,0.34202880004192415,1147.9834407903138,0.03742237221732303,Manter
AG11,Bebidas alcoólicas,371532.915915383,0.0,371532.915915383,0.03697060767273129,0.03221181511821186,114.77343806008905,141101.96,0.03503312297282135,0.19374846999099388,650.2962183326578,0.05530436728158761,Ampliar
AG11,Pronto para consumo,531471.067154187,528640.2434908098,1060111.3106449968,0.10548987095454922,0.06711948688350892,157.16727861408577,353295.87,0.08771712072248966,1.7772750232059555,5965.235372344582,0.20261438229701056,Ampliar
AG11,Outros alimentos,706223.56257541,0.0,706223.56257541,0.07027510388113377,0.09804413199237967,71.6770116202322,328862.07,0.08165064000107854,-1.137553611994477,-3818.078212772724,-0.13931961978245988,Reduzir
AG12,Mercearia básica,1693928.097258414,0.0,1693928.097258414,0.16668956173732333,0.17004345012216948,98.02762859584622,906357.95,0.1710132413503564,-0.43236796130330657,-1909.5993968955102,-0.025282718337436227,Manter
AG12,Hortifruti,1126855.4694563767,0.0,1126855.4694563767,0.11088725941142138,0.10646537906673406,104.15335049144532,579627.7,0.1093651925858343,0.15220668255870873,672.2371110510721,0.013917287480589513,Manter
AG12,Carnes e peixes,1819691.417409728,0.0,1819691.417409728,0.17906519488998318,0.1751351552164972,102.24400387724998,924215.12,0.17438256416927617,0.4682630720707015,2068.1339970686954,0.02685263141423655,Manter
AG12,Aves e ovos,514223.9935481988,0.0,514223.9935481988,0.050601777169936885,0.054264667268950705,93.2499538219602,277896.92,0.05243408859654255,-0.18323114266056637,-809.2599610349918,-0.034945041968870716,Manter
AG12,Laticínios e frios,1123867.5566422022,0.0,1123867.5566422022,0.11059323637802926,0.1111066034695037,99.53795087290618,580522.81,0.10953408354383287,0.10591528341963863,467.7861901018062,0.009669618806574798,Manter
AG12,Padaria e biscoitos,1002269.2653794353,0.0,1002269.2653794353,0.09862745937049085,0.1025171879736414,96.20577906979787,525705.19,0.0991909968204118,-0.056353744992095056,-248.89234883483286,-0.005681336693704742,Manter
AG12,Café e bebidas não alcoólicas,790245.0169223404,122144.38544122208,912389.4023635625,0.08978290746809629,0.08309212288840301,108.05224893420926,470962.55,0.08886205745768468,0.09208500104116168,406.70326709977707,0.010362690632614635,Manter
AG12,Bebidas alcoólicas,351996.42684521154,0.0,351996.42684521154,0.03463791067572167,0.03221181511821186,107.53169465491605,188537.26,0.03557354789894533,-0.09356372232236648,-413.2341979722992,-0.026301487438968763,Manter
AG12,Pronto para consumo,469828.55365209235,357067.76760944823,826896.3212615405,0.08137003312972614,0.06711948688350892,121.23160785026583,384443.78,0.07253754097350094,0.8832492156225197,3900.9647347066207,0.12176442760103812,Ampliar
AG12,Outros alimentos,790054.6514273817,0.0,790054.6514273817,0.07774465976927102,0.09804413199237967,79.2955765831183,461659.21,0.08710668660361491,-0.9362026834343895,-4134.839395290311,-0.1074777057810321,Reduzir
AG13,Mercearia básica,359479.3612054211,0.0,359479.3612054211,0.16603855904710696,0.17004345012216948,97.64478368782498,280453.68,0.17221798377972894,-0.617942473262198,-838.5895443433357,-0.03588141375830767,Manter
AG13,Hortifruti,211903.37160766934,0.0,211903.37160766934,0.09787524480120408,0.10646537906673406,91.93152333572628,162502.13,0.09978756273945631,-0.19123179382522365,-259.5144204949461,-0.019163890626783475,Manter
AG13,Carnes e peixes,374036.937015107,0.0,374036.937015107,0.1727625025373649,0.1751351552164972,98.64524476756291,284171.25,0.17450082923912888,-0.17383267017639925,-235.902638162499,-0.009961710264321244,Manter
AG13,Aves e ovos,118756.6509999202,0.0,118756.6509999202,0.054852059220220864,0.054264667268950705,101.08245748261734,86759.04,0.05327605950282004,0.15759997174008208,213.87377338272188,0.029581762091796637,Manter
AG13,Laticínios e frios,223904.32603722243,0.0,223904.32603722243,0.10341832013657591,0.1111066034695037,93.080264275167,177654.98,0.10909246212789245,-0.5674141991316537,-770.0192741110623,-0.052012227798695854,Reduzir
AG13,Padaria e biscoitos,214174.1210276442,0.0,214174.1210276442,0.09892407264040297,0.1025171879736414,96.49510935262654,157082.01,0.09645923366121358,0.24648389791893932,334.4952460584605,0.025553167754229333,Manter
AG13,Café e bebidas não alcoólicas,154244.39833886156,33917.45219887251,188161.85053773408,0.08690936365904316,0.08309212288840301,104.5939863346215,143439.43,0.08808174465428145,-0.11723809952382952,-159.09999508587126,-0.01331014729374247,Manter
AG13,Bebidas alcoólicas,59350.03259368583,0.0,59350.03259368583,0.027412961506914513,0.03221181511821186,85.10219435419465,49682.84,0.030508704800203967,-0.30957432932894535,-420.11320957088697,-0.10147082000245244,Reduzir
AG13,Pronto para consumo,80733.37773299805,99151.74484609863,179885.1225790967,0.08308645716652899,0.06711948688350892,123.78887417708061,121180.14,0.07441299891285177,0.8673458253677213,1177.0466863095726,0.1165583752891759,Ampliar
AG13,Outros alimentos,235383.6450876049,0.0,235383.6450876049,0.10872045928463771,0.09804413199237967,110.88930777936598,165555.3,0.10166242058242257,0.7058038702215136,957.8233760178555,0.0694262310672884,Ampliar
AG14,Mercearia básica,704772.5723367478,0.0,704772.5723367478,0.17245502036254598,0.17004345012216948,101.41820825126983,584094.73,0.16871463120462826,0.37403891579177173,1079.1109123582162,0.02216991574003524,Manter
AG14,Hortifruti,375049.34432669875,0.0,375049.34432669875,0.09177306957103883,0.10646537906673406,86.19991811001219,334426.47,0.09659843798131114,-0.48253684102723127,-1392.12993296459,-0.04995286167262736,Manter
AG14,Carnes e peixes,748823.8055046467,0.0,748823.8055046467,0.18323418035138764,0.1751351552164972,104.6244428338095,630176.27,0.1820251947607167,0.12089855906709246,348.7951356652762,0.006641858519971455,Manter
AG14,Aves e ovos,242061.07154663824,0.0,242061.07154663824,0.05923137287273598,0.054264667268950705,109.15274312688383,199021.99,0.05748711624989531,0.17442566228406675,503.2220649223313,0.030341696307367716,Manter
AG14,Laticínios e frios,438711.8105121044,0.0,438711.8105121044,0.10735101958395192,0.1111066034695037,96.61983737394817,385785.26,0.1114333249763812,-0.4082305392429278,-1177.754535841303,-0.03663451120474548,Manter
AG14,Padaria e biscoitos,441815.01814842725,0.0,441815.01814842725,0.10811036204011032,0.1025171879736414,105.45584031031655,360959.8,0.10426253894928375,0.38478230908265687,1110.1058501748048,0.03690513514828431,Manter
AG14,Café e bebidas não alcoólicas,288483.45718034846,28872.063215168815,317355.5203955173,0.07765562236696259,0.08309212288840301,93.4572612511755,280978.98,0.0811602340376408,-0.3504611670678212,-1011.0885626436234,-0.04318138941113492,Manter
AG14,Bebidas alcoólicas,103908.75501021072,0.0,103908.75501021072,0.02542605538935548,0.03221181511821186,78.93394177275077,104257.48,0.03011457112192042,-0.468851573256494,-1352.6476193163273,-0.15568927459013904,Reduzir
AG14,Pronto para consumo,143817.14777373418,84402.43177186557,228219.57954559976,0.055844415322766856,0.06711948688350892,83.20149321118794,206938.15,0.05977368373006557,-0.3929268407298715,-1133.6030121157003,-0.06573575798077058,Reduzir
AG14,Outros alimentos,485986.237387714,0.0,485986.237387714,0.11891888213914438,0.09804413199237967,121.29117747545276,375388.59,0.10843026698815689,1.0488615150987493,3025.9896997608903,0.09673143341178991,Ampliar
AG15,Mercearia básica,440856.79103740363,0.0,440856.79103740363,0.15274248226034037,0.17004345012216948,89.82556055561149,201371.26,0.1602913452289564,-0.7548862968616038,-790.2922255857724,-0.04709463856475482,Manter
AG15,Hortifruti,325847.32116594946,0.0,325847.32116594946,0.11289545649427632,0.10646537906673406,106.03959473390105,137101.4,0.10913259339378044,0.37628631004958807,393.93501599230393,0.03447973683644112,Manter
AG15,Carnes e peixes,430775.58942447766,0.0,430775.58942447766,0.14924967509522488,0.1751351552164972,85.21971211932099,202142.64,0.1609053630281335,-1.165568793290861,-1220.23668935672,-0.07243815689891375,Reduzir
AG15,Aves e ovos,127813.85247744758,0.0,127813.85247744758,0.04428332622192938,0.054264667268950705,81.6061876919819,60982.090000000004,0.048541689816974334,-0.42583635950449517,-445.8090783834282,-0.08772590346774167,Reduzir
AG15,Laticínios e frios,313569.9735738823,0.0,313569.9735738823,0.10864175646081978,0.1111066034695037,97.78154769229315,138086.83000000002,0.10991699480403617,-0.12752383432163977,-133.5049997069381,-0.011601830503917387,Manter
AG15,Padaria e biscoitos,259564.28986755252,0.0,259564.28986755252,0.08993055056998943,0.1025171879736414,87.7224125510659,119180.95,0.09486793101043808,-0.4937380440448655,-516.8955103660059,-0.05204477833405485,Reduzir
AG15,Café e bebidas não alcoólicas,213945.15731043054,87815.35721047616,301760.5145209067,0.10455016452762372,0.08309212288840301,125.82439934533862,122949.26999999999,0.09786751040450445,0.6682654123119275,699.6086194353189,0.06828266189155752,Ampliar
AG15,Bebidas alcoólicas,102380.48421764631,0.0,102380.48421764631,0.03547149462668057,0.03221181511821186,110.11951514221177,44487.28,0.035411835615356664,0.005965901132390372,6.245715815935456,0.0016847195376121782,Manter
AG15,Pronto para consumo,142417.8424525269,256712.85215201342,399130.69460454036,0.1382857523794364,0.06711948688350892,206.0292156575065,131796.4,0.10490981807599371,3.3375934303442696,3494.13434994542,0.3181392830103482,Ampliar
AG15,Outros alimentos,184575.37814852755,0.0,184575.37814852755,0.06394934136367914,0.09804413199237967,65.22505739420437,98184.68,0.07815491862182622,-1.4205577258147084,-1487.1851977901117,-0.18176178171056157,Reduzir
