loja_id,categoria,moradores,trabalhadores,total,share,share_cidade,indice
AG01,Mercearia básica,2016601.0455448362,0.0,2016601.0455448362,0.1558810211134186,0.17004345012216948,91.67128813337077
AG01,Hortifruti,1469801.9938938199,0.0,1469801.9938938199,0.11361406171482284,0.10646537906673406,106.71456083729143
AG01,Carnes e peixes,1774463.0413940782,0.0,1774463.0413940782,0.1371640223194466,0.1751351552164972,78.31895438119678
AG01,Aves e ovos,561944.1958411257,0.0,561944.1958411257,0.043437662223767784,0.054264667268950705,80.04778138319492
AG01,Laticínios e frios,1386642.431737868,0.0,1386642.431737868,0.10718591992006726,0.1111066034695037,96.47124164810548
AG01,Padaria e biscoitos,1074340.42621207,0.0,1074340.42621207,0.08304532174638277,0.1025171879736414,81.00624235590122
AG01,Café e bebidas não alcoólicas,911845.6971597325,326521.106971929,1238366.8041316615,0.09572437858617203,0.08309212288840301,115.20271147089935
AG01,Bebidas alcoólicas,568831.7638176471,0.0,568831.7638176471,0.043970063578780555,0.03221181511821186,136.50290558733784
AG01,Pronto para consumo,855671.0247935465,954527.400687915,1810198.4254814615,0.13992632782044198,0.06711948688350892,208.4734766570772
AG01,Outros alimentos,1035606.3539081919,0.0,1035606.3539081919,0.08005122097669969,0.09804413199237967,81.64815104173857
AG02,Mercearia básica,2190408.3813436264,0.0,2190408.3813436264,0.15646274768551435,0.17004345012216948,92.01339279643061
AG02,Hortifruti,1592376.061609562,0.0,1592376.061609562,0.11374478662067548,0.10646537906673406,106.83734714303566
AG02,Carnes e peixes,2124726.4933654773,0.0,2124726.4933654773,0.15177103414307005,0.1751351552164972,86.65937684267612
AG02,Aves e ovos,645013.175684768,0.0,645013.175684768,0.0460738438642625,0.054264667268950705,84.90578894717585
AG02,Laticínios e frios,1550863.1120394913,0.0,1550863.1120394913,0.11077948105958227,0.1111066034695037,99.7055778867264
AG02,Padaria e biscoitos,1300001.6399986448,0.0,1300001.6399986448,0.0928602311433329,0.1025171879736414,90.58015829229393
AG02,Café e bebidas não alcoólicas,1050707.7269676554,324396.88722080656,1375104.614188462,0.09822490094699982,0.08309212288840301,118.2120489073566
AG02,Bebidas alcoólicas,508834.6267103,0.0,508834.6267103,0.03634649341680771,0.03221181511821186,112.8359059662496
AG02,Pronto para consumo,767389.8171339156,948317.6154267645,1715707.43256068,0.12255445213291044,0.06711948688350892,182.59146162069624
AG02,Outros alimentos,996516.5203874543,0.0,996516.5203874543,0.07118202898684442,0.09804413199237967,72.60202884184535
AG03,Mercearia básica,2244810.234645157,0.0,2244810.234645157,0.15697288679169258,0.17004345012216948,92.31339794559202
AG03,Hortifruti,1709169.8585425743,0.0,1709169.8585425743,0.11951715230627794,0.10646537906673406,112.25917134185268
AG03,Carnes e peixes,2057713.7995734655,0.0,2057713.7995734655,0.14388979091642795,0.1751351552164972,82.15928477555258
AG03,Aves e ovos,656600.4793769873,0.0,656600.4793769873,0.045914113864019876,0.054264667268950705,84.61143534974023
AG03,Laticínios e frios,1649170.584934824,0.0,1649170.584934824,0.11532158199113192,0.1111066034695037,103.7936345725708
AG03,Padaria e biscoitos,1351455.5132618947,0.0,1351455.5132618947,0.09450325466856312,0.1025171879736414,92.18283932335446
AG03,Café e bebidas não alcoólicas,1101525.216181411,293554.3455549206,1395079.5617363316,0.09755375431298206,0.08309212288840301,117.40433499815833
AG03,Bebidas alcoólicas,532224.1656127247,0.0,532224.1656127247,0.03721684907131378,0.03221181511821186,115.5378824035041
AG03,Pronto para consumo,839281.057766877,858154.8342210834,1697435.8919879603,0.1186966310100152,0.06711948688350892,176.84377000083805
AG03,Outros alimentos,1006963.9258886988,0.0,1006963.9258886988,0.07041398506757562,0.09804413199237967,71.81866332709075
AG04,Mercearia básica,3664676.9872530624,0.0,3664676.9872530624,0.16714744960396755,0.17004345012216948,98.29690557553303
AG04,Hortifruti,2744166.07113008,0.0,2744166.07113008,0.12516256185049107,0.10646537906673406,117.56174913164715
AG04,Carnes e peixes,3381845.715930905,0.0,3381845.715930905,0.1542473970661361,0.1751351552164972,88.07334933723602
AG04,Aves e ovos,1049848.431151084,0.0,1049848.431151084,0.047884025890414045,0.054264667268950705,88.24162811703528
AG04,Laticínios e frios,2617311.6150896405,0.0,2617311.6150896405,0.11937667707215714,0.1111066034695037,107.44336821071431
AG04,Padaria e biscoitos,2108424.957241218,0.0,2108424.957241218,0.0961661438402478,0.1025171879736414,93.80489822347981
AG04,Café e bebidas não alcoólicas,1755541.3131990598,183579.79456972462,1939121.1077687845,0.08844412447922814,0.08309212288840301,106.4410456789185
AG04,Bebidas alcoólicas,908761.7767223152,0.0,908761.7767223152,0.041449004593052285,0.03221181511821186,128.67640162760625
AG04,Pronto para consumo,1322604.5789249125,536663.4511150464,1859268.030039959,0.08480199221714158,0.06711948688350892,126.34481602090017
AG04,Outros alimentos,1651390.7681301753,0.0,1651390.7681301753,0.07532062338716428,0.09804413199237967,76.82318345479202
AG05,Mercearia básica,1979300.8733448256,0.0,1979300.8733448256,0.16948614466172565,0.17004345012216948,99.67225702604632
AG05,Hortifruti,1361170.4853056069,0.0,1361170.4853056069,0.1165560733532733,0.10646537906673406,109.47791138771436
AG05,Carnes e peixes,2066236.4296297051,0.0,2066236.4296297051,0.17693037533285502,0.1751351552164972,101.0250484056948
AG05,Aves e ovos,592178.0213600273,0.0,592178.0213600273,0.05070778836373236,0.054264667268950705,93.44531334249325
AG05,Laticínios e frios,1344845.3619008164,0.0,1344845.3619008164,0.11515816449350047,0.1111066034695037,103.64655285777756
AG05,Padaria e biscoitos,1171308.5751635274,0.0,1171308.5751635274,0.10029833123763793,0.1025171879736414,97.83562465976537
AG05,Café e bebidas não alcoólicas,934084.6532909843,79015.6130609908,1013100.2663519752,0.08675106478864755,0.08309212288840301,104.40347625389074
AG05,Bebidas alcoólicas,430248.5846416855,0.0,430248.5846416855,0.0368418843436641,0.03221181511821186,114.3738227990589
AG05,Pronto para consumo,594416.0844432336,230988.33777797307,825404.4222212066,0.0706788013853615,0.06711948688350892,105.30295249132348
AG05,Outros alimentos,894452.8761996054,0.0,894452.8761996054,0.0765913720396021,0.09804413199237967,78.11928208569897
AG06,Mercearia básica,1590905.4301617807,0.0,1590905.4301617807,0.1645581089744924,0.17004345012216948,96.77415322746269
AG06,Hortifruti,1157855.9577203365,0.0,1157855.9577203365,0.11976487304335418,0.10646537906673406,112.49184861144748
AG06,Carnes e peixes,1597860.9271435372,0.0,1597860.9271435372,0.16527756307188604,0.1751351552164972,94.3714372294783
AG06,Aves e ovos,457952.76494782104,0.0,457952.76494782104,0.047369151912310864,0.054264667268950705,87.29280818683776
AG06,Laticínios e frios,1109973.2680627431,0.0,1109973.2680627431,0.11481204259015447,0.1111066034695037,103.33503050668617
AG06,Padaria e biscoitos,920548.2612892059,0.0,920548.2612892059,0.09521853293448382,0.1025171879736414,92.88055477971736
AG06,Café e bebidas não alcoólicas,765969.5041713447,148228.72272079773,914198.2268921424,0.09456170592736406,0.08309212288840301,113.80345409439748
AG06,Bebidas alcoólicas,368250.1008674764,0.0,368250.1008674764,0.038090598648755435,0.03221181511821186,118.25039510803549
AG06,Pronto para consumo,471914.0358205292,433320.7697294022,905234.8055499315,0.0936345586324643,0.06711948688350892,139.50428255653136
AG06,Outros alimentos,644962.7957067944,0.0,644962.7957067944,0.06671286426473452,0.09804413199237967,68.0437094082486
AG07,Mercearia básica,1093147.4452504043,0.0,1093147.4452504043,0.16219168114979654,0.17004345012216948,95.38249255309053
AG07,Hortifruti,779743.3007155089,0.0,779743.3007155089,0.11569150836680599,0.10646537906673406,108.66584929387126
AG07,Carnes e peixes,1128858.2657412426,0.0,1128858.2657412426,0.16749014114786287,0.1751351552164972,95.63479185022346
AG07,Aves e ovos,318788.63438927307,0.0,318788.63438927307,0.04729907641251464,0.054264667268950705,87.16367167255875
AG07,Laticínios e frios,759102.2582690478,0.0,759102.2582690478,0.11262897056404055,0.1111066034695037,101.37018597184884
AG07,Padaria e biscoitos,642822.457107471,0.0,642822.457107471,0.09537638810949335,0.1025171879736414,93.03453400810794
AG07,Café e bebidas não alcoólicas,523707.4993062462,119460.92337913379,643168.42268538,0.09542771946368973,0.08309212288840301,114.84568710785504
AG07,Bebidas alcoólicas,246636.70896050113,0.0,246636.70896050113,0.03659380318122915,0.03221181511821186,113.60366699900686
AG07,Pronto para consumo,331328.2698470003,349223.1351728996,680551.4050198998,0.1009742802479397,0.06711948688350892,150.43958906180018
AG07,Outros alimentos,447030.13419726485,0.0,447030.13419726485,0.0663264313566274,0.09804413199237967,67.64956760674113
AG08,Mercearia básica,1152873.9822567813,0.0,1152873.9822567813,0.15105982760367775,0.17004345012216948,88.83601661525172
AG08,Hortifruti,838449.2992532632,0.0,838449.2992532632,0.10986110238318492,0.10646537906673406,103.18950944073788
AG08,Carnes e peixes,1068142.5504200275,0.0,1068142.5504200275,0.13995755998131593,0.1751351552164972,79.91402971511019
AG08,Aves e ovos,328819.08766508655,0.0,328819.08766508655,0.043084808452571365,0.054264667268950705,79.39753548848118
AG08,Laticínios e frios,802290.5348611305,0.0,802290.5348611305,0.10512325869905105,0.1111066034695037,94.61477123446137
AG08,Padaria e biscoitos,644930.5023380513,0.0,644930.5023380513,0.08450454429445191,0.1025171879736414,82.42963542482184
AG08,Café e bebidas não alcoólicas,535598.1055782809,244661.53911361532,780259.6446918962,0.10223657505266891,0.08309212288840301,123.04003255516517
AG08,Bebidas alcoólicas,299223.81896277325,0.0,299223.81896277325,0.039206972490565754,0.03221181511821186,121.7161229402406
AG08,Pronto para consumo,446737.2432166812,715225.2580060652,1161962.5012227464,0.15225068638729256,0.06711948688350892,226.83529546573473
AG08,Outros alimentos,554951.2821467612,0.0,554951.2821467612,0.07271466465521981,0.09804413199237967,74.16523883435619
AG09,Mercearia básica,3821522.1966932863,0.0,3821522.1966932863,0.15836883165145135,0.17004345012216948,93.13433215902737
AG09,Hortifruti,2473508.1090636854,0.0,2473508.1090636854,0.10250538114151542,0.10646537906673406,96.28048295142362
AG09,Carnes e peixes,4145406.833386285,0.0,4145406.833386285,0.17179103067656976,0.1751351552164972,98.09054639213153
AG09,Aves e ovos,1179809.250778681,0.0,1179809.250778681,0.04889282411575901,0.054264667268950705,90.10066139986199
AG09,Laticínios e frios,2493358.290539383,0.0,2493358.290539383,0.1033279983831726,0.1111066034695037,92.99897139915166
AG09,Padaria e biscoitos,2270998.2198405457,0.0,2270998.2198405457,0.09411310892551616,0.1025171879736414,91.80227314634689
AG09,Café e bebidas não alcoólicas,1766861.4163981674,582278.6985564501,2349140.1149546173,0.09735141031310302,0.08309212288840301,117.16081733024318
AG09,Bebidas alcoólicas,771322.5301189634,0.0,771322.5301189634,0.03196460510606989,0.03221181511821186,99.23254864330136
AG09,Pronto para consumo,1038828.8927581013,1702190.0291940775,2741018.9219521787,0.11359137586056714,0.06711948688350892,169.23755102257232
AG09,Outros alimentos,1884435.135822231,0.0,1884435.135822231,0.07809343382627566,0.09804413199237967,79.6513082826266
AG10,Mercearia básica,3212858.0892227604,0.0,3212858.0892227604,0.16800670642698295,0.17004345012216948,98.80222161234485
AG10,Hortifruti,2448527.270169561,0.0,2448527.270169561,0.1280383355983693,0.10646537906673406,120.26288425471438
AG10,Carnes e peixes,2937111.146436547,0.0,2937111.146436547,0.15358735319746364,0.1751351552164972,87.69647248012727
AG10,Aves e ovos,936102.0753677236,0.0,936102.0753677236,0.04895062968686581,0.054264667268950705,90.20718664735001
AG10,Laticínios e frios,2354086.081051431,0.0,2354086.081051431,0.12309981895861845,0.1111066034695037,110.79433185301775
AG10,Padaria e biscoitos,1920835.1310768828,0.0,1920835.1310768828,0.10044426955674797,0.1025171879736414,97.97797963652066
AG10,Café e bebidas não alcoólicas,1574456.3218783468,88941.63634694897,1663397.9582252959,0.08698237042471,0.08309212288840301,104.68184877347736
AG10,Bebidas alcoólicas,766495.6607125293,0.0,766495.6607125293,0.04008157468232256,0.03221181511821186,124.43128254409143
AG10,Pronto para consumo,1186473.7929148856,260005.33240407525,1446479.1253189608,0.07563925545775087,0.06711948688350892,112.69343520016572
AG10,Outros alimentos,1437499.3647474817,0.0,1437499.3647474817,0.07516968601016843,0.09804413199237967,76.66923505020259
AG11,Mercearia básica,1618060.1691407717,0.0,1618060.1691407717,0.16101041157225734,0.17004345012216948,94.68780565001342
AG11,Hortifruti,1156792.9657058988,0.0,1156792.9657058988,0.11511049778272778,0.10646537906673406,108.12012204509676
AG11,Carnes e peixes,1627778.9381469134,0.0,1627778.9381469134,0.1619775097231781,0.1751351552164972,92.48714772482202
AG11,Aves e ovos,474607.3680770538,0.0,474607.3680770538,0.04722737085227885,0.054264667268950705,87.03153125072514
AG11,Laticínios e frios,1128332.1567758599,0.0,1128332.1567758599,0.11227841116017755,0.1111066034695037,101.054669708264
AG11,Padaria e biscoitos,953117.0073919817,0.0,953117.0073919817,0.09484305006914115,0.1025171879736414,92.51429145084103
AG11,Café e bebidas não alcoólicas,772021.6448324803,180835.24618584022,952856.8910183206,0.09481716633182495,0.08309212288840301,114.11089647952464
AG11,Bebidas alcoólicas,371532.915915383,0.0,371532.915915383,0.03697060767273129,0.03221181511821186,114.77343806008905
AG11,Pronto para consumo,531471.067154187,528640.2434908098,1060111.3106449968,0.10548987095454922,0.06711948688350892,157.16727861408577
AG11,Outros alimentos,706223.56257541,0.0,706223.56257541,0.07027510388113377,0.09804413199237967,71.6770116202322
AG12,Mercearia básica,1693928.097258414,0.0,1693928.097258414,0.16668956173732333,0.17004345012216948,98.02762859584622
AG12,Hortifruti,1126855.4694563767,0.0,1126855.4694563767,0.11088725941142138,0.10646537906673406,104.15335049144532
AG12,Carnes e peixes,1819691.417409728,0.0,1819691.417409728,0.17906519488998318,0.1751351552164972,102.24400387724998
AG12,Aves e ovos,514223.9935481988,0.0,514223.9935481988,0.050601777169936885,0.054264667268950705,93.2499538219602
AG12,Laticínios e frios,1123867.5566422022,0.0,1123867.5566422022,0.11059323637802926,0.1111066034695037,99.53795087290618
AG12,Padaria e biscoitos,1002269.2653794353,0.0,1002269.2653794353,0.09862745937049085,0.1025171879736414,96.20577906979787
AG12,Café e bebidas não alcoólicas,790245.0169223404,122144.38544122208,912389.4023635625,0.08978290746809629,0.08309212288840301,108.05224893420926
AG12,Bebidas alcoólicas,351996.42684521154,0.0,351996.42684521154,0.03463791067572167,0.03221181511821186,107.53169465491605
AG12,Pronto para consumo,469828.55365209235,357067.76760944823,826896.3212615405,0.08137003312972614,0.06711948688350892,121.23160785026583
AG12,Outros alimentos,790054.6514273817,0.0,790054.6514273817,0.07774465976927102,0.09804413199237967,79.2955765831183
AG13,Mercearia básica,359479.3612054211,0.0,359479.3612054211,0.16603855904710696,0.17004345012216948,97.64478368782498
AG13,Hortifruti,211903.37160766934,0.0,211903.37160766934,0.09787524480120408,0.10646537906673406,91.93152333572628
AG13,Carnes e peixes,374036.937015107,0.0,374036.937015107,0.1727625025373649,0.1751351552164972,98.64524476756291
AG13,Aves e ovos,118756.6509999202,0.0,118756.6509999202,0.054852059220220864,0.054264667268950705,101.08245748261734
AG13,Laticínios e frios,223904.32603722243,0.0,223904.32603722243,0.10341832013657591,0.1111066034695037,93.080264275167
AG13,Padaria e biscoitos,214174.1210276442,0.0,214174.1210276442,0.09892407264040297,0.1025171879736414,96.49510935262654
AG13,Café e bebidas não alcoólicas,154244.39833886156,33917.45219887251,188161.85053773408,0.08690936365904316,0.08309212288840301,104.5939863346215
AG13,Bebidas alcoólicas,59350.03259368583,0.0,59350.03259368583,0.027412961506914513,0.03221181511821186,85.10219435419465
AG13,Pronto para consumo,80733.37773299805,99151.74484609863,179885.1225790967,0.08308645716652899,0.06711948688350892,123.78887417708061
AG13,Outros alimentos,235383.6450876049,0.0,235383.6450876049,0.10872045928463771,0.09804413199237967,110.88930777936598
AG14,Mercearia básica,704772.5723367478,0.0,704772.5723367478,0.17245502036254598,0.17004345012216948,101.41820825126983
AG14,Hortifruti,375049.34432669875,0.0,375049.34432669875,0.09177306957103883,0.10646537906673406,86.19991811001219
AG14,Carnes e peixes,748823.8055046467,0.0,748823.8055046467,0.18323418035138764,0.1751351552164972,104.6244428338095
AG14,Aves e ovos,242061.07154663824,0.0,242061.07154663824,0.05923137287273598,0.054264667268950705,109.15274312688383
AG14,Laticínios e frios,438711.8105121044,0.0,438711.8105121044,0.10735101958395192,0.1111066034695037,96.61983737394817
AG14,Padaria e biscoitos,441815.01814842725,0.0,441815.01814842725,0.10811036204011032,0.1025171879736414,105.45584031031655
AG14,Café e bebidas não alcoólicas,288483.45718034846,28872.063215168815,317355.5203955173,0.07765562236696259,0.08309212288840301,93.4572612511755
AG14,Bebidas alcoólicas,103908.75501021072,0.0,103908.75501021072,0.02542605538935548,0.03221181511821186,78.93394177275077
AG14,Pronto para consumo,143817.14777373418,84402.43177186557,228219.57954559976,0.055844415322766856,0.06711948688350892,83.20149321118794
AG14,Outros alimentos,485986.237387714,0.0,485986.237387714,0.11891888213914438,0.09804413199237967,121.29117747545276
AG15,Mercearia básica,440856.79103740363,0.0,440856.79103740363,0.15274248226034037,0.17004345012216948,89.82556055561149
AG15,Hortifruti,325847.32116594946,0.0,325847.32116594946,0.11289545649427632,0.10646537906673406,106.03959473390105
AG15,Carnes e peixes,430775.58942447766,0.0,430775.58942447766,0.14924967509522488,0.1751351552164972,85.21971211932099
AG15,Aves e ovos,127813.85247744758,0.0,127813.85247744758,0.04428332622192938,0.054264667268950705,81.6061876919819
AG15,Laticínios e frios,313569.9735738823,0.0,313569.9735738823,0.10864175646081978,0.1111066034695037,97.78154769229315
AG15,Padaria e biscoitos,259564.28986755252,0.0,259564.28986755252,0.08993055056998943,0.1025171879736414,87.7224125510659
AG15,Café e bebidas não alcoólicas,213945.15731043054,87815.35721047616,301760.5145209067,0.10455016452762372,0.08309212288840301,125.82439934533862
AG15,Bebidas alcoólicas,102380.48421764631,0.0,102380.48421764631,0.03547149462668057,0.03221181511821186,110.11951514221177
AG15,Pronto para consumo,142417.8424525269,256712.85215201342,399130.69460454036,0.1382857523794364,0.06711948688350892,206.0292156575065
AG15,Outros alimentos,184575.37814852755,0.0,184575.37814852755,0.06394934136367914,0.09804413199237967,65.22505739420437
