loja_id,categoria,moradores,trabalhadores,total,share
cidade,Mercearia básica,455622467.86546504,0.0,455622467.86546504,0.17004345012216948
cidade,Hortifruti,285268375.33446014,0.0,285268375.33446014,0.10646537906673406
cidade,Carnes e peixes,469265423.4691887,0.0,469265423.4691887,0.1751351552164972
cidade,Aves e ovos,145399317.65213117,0.0,145399317.65213117,0.054264667268950705
cidade,Laticínios e frios,297704291.6534247,0.0,297704291.6534247,0.1111066034695037
cidade,Padaria e biscoitos,274689405.26447564,0.0,274689405.26447564,0.1025171879736414
cidade,Café e bebidas não alcoólicas,203125587.7258732,19515378.823527787,222640966.549401,0.08309212288840301
cidade,Bebidas alcoólicas,86309861.9090671,0.0,86309861.9090671,0.03221181511821186
cidade,Pronto para consumo,122793329.78620009,57049799.91833547,179843129.70453554,0.06711948688350892
cidade,Outros alimentos,262704087.37296847,0.0,262704087.37296847,0.09804413199237967
